{
  "project_info": {
    "project_number": "202735726840",
    "firebase_url": "https://binge-cbc83.firebaseio.com",
    "project_id": "binge-cbc83",
    "storage_bucket": "binge-cbc83.appspot.com"
  },
  "client": [
    {
      "client_info": {
        "mobilesdk_app_id": "1:202735726840:android:5385ac96f614d2ad",
        "android_client_info": {
          "package_name": "com.development.reminder"
        }
      },
      "oauth_client": [
        {
          "client_id": "202735726840-ftsqm5te6n4ss8tlj901cv7rh3kbao00.apps.googleusercontent.com",
          "client_type": 1,
          "android_info": {
            "package_name": "com.development.reminder",
            "certificate_hash": "3d439721e55a2788a8f7596fe294dafc6445f508"
          }
        },
        {
          "client_id": "202735726840-1uh3m597hkn6b7v2trm920bvngrk1u0r.apps.googleusercontent.com",
          "client_type": 3
        }
      ],
      "api_key": [
        {
          "current_key": "AIzaSyDyjh7-oT8dMRNrlxo9KG164D7SrHlTYng"
        }
      ],
      "services": {
        "appinvite_service": {
          "other_platform_oauth_client": [
            {
              "client_id": "202735726840-1uh3m597hkn6b7v2trm920bvngrk1u0r.apps.googleusercontent.com",
              "client_type": 3
            }
          ]
        }
      }
    },
    {
      "client_info": {
        "mobilesdk_app_id": "1:202735726840:android:917bed32c0ca8a51",
        "android_client_info": {
          "package_name": "com.nakulmehra.binge"
        }
      },
      "oauth_client": [
        {
          "client_id": "202735726840-on8lifug71pj1mn6tsrflhc4jptvh9bv.apps.googleusercontent.com",
          "client_type": 1,
          "android_info": {
            "package_name": "com.nakulmehra.binge",
            "certificate_hash": "ce3359849521f737ca4874e27ee8bc0e5f7e2d51"
          }
        },
        {
          "client_id": "202735726840-1uh3m597hkn6b7v2trm920bvngrk1u0r.apps.googleusercontent.com",
          "client_type": 3
        }
      ],
      "api_key": [
        {
          "current_key": "AIzaSyDyjh7-oT8dMRNrlxo9KG164D7SrHlTYng"
        }
      ],
      "services": {
        "appinvite_service": {
          "other_platform_oauth_client": [
            {
              "client_id": "202735726840-1uh3m597hkn6b7v2trm920bvngrk1u0r.apps.googleusercontent.com",
              "client_type": 3
            }
          ]
        }
      }
    }
  ],
  "configuration_version": "1"
}